Filename,Role,Seniority Level,Skills Match,Link
desc1,Data Scientist,Mid-Senior level,0.8,https://www.linkedin.com/jobs/search/?geoId=101165590&keywords=junior%20data%20scientist&location=United%20Kingdom
desc2,Data Scientist,Associate,0.25,https://www.linkedin.com/jobs/search/?currentJobId=1864611522&geoId=101165590&keywords=junior%20data%20scientist&location=United%20Kingdom
desc3,Data Scientist,Entry level,0.6,https://www.linkedin.com/jobs/search/?currentJobId=1889918773&geoId=101165590&keywords=junior%20data%20scientist&location=United%20Kingdom
desc4,Junior Data Scientist,Entry level,0.3,https://www.linkedin.com/jobs/search/?currentJobId=1863338213&geoId=101165590&keywords=junior%20data%20scientist&location=United%20Kingdom
desc5,Junior Data Scientist,Entry level,,https://www.linkedin.com/jobs/search/?currentJobId=1893829177&geoId=101165590&keywords=junior%20data%20scientist&location=United%20Kingdom
desc6,Data Scientist,Entry level,,https://www.linkedin.com/jobs/search/?currentJobId=1828759317&geoId=101165590&keywords=junior%20data%20scientist&location=United%20Kingdom
desc7,Data Scientist,Entry level,,https://www.linkedin.com/jobs/search/?currentJobId=1829649659&geoId=101165590&keywords=junior%20data%20scientist&location=United%20Kingdom
desc8,Data Scientist,,,https://www.linkedin.com/jobs/search/?currentJobId=1632872753&geoId=101165590&keywords=junior%20data%20scientist&location=United%20Kingdom
desc9,Data Scientist,Associate,,https://www.linkedin.com/jobs/search/?currentJobId=1853755295&geoId=101165590&keywords=junior%20data%20scientist&location=United%20Kingdom
desc10,Data Scientist,Mid-Senior level,0.5,https://www.linkedin.com/jobs/search/?currentJobId=1863320360&geoId=101165590&keywords=junior%20data%20scientist&location=United%20Kingdom
desc11,Junior Data Scientist,Entry level,,https://www.linkedin.com/jobs/search/?currentJobId=1893499007&geoId=101165590&keywords=junior%20data%20scientist&location=United%20Kingdom
desc12,Graduate Data Scientist,Associate,0.6,https://www.linkedin.com/jobs/search/?currentJobId=1892661371&geoId=101165590&keywords=junior%20data%20scientist&location=United%20Kingdom
desc13,Junior Data Scientist,Entry level,,https://www.linkedin.com/jobs/search/?currentJobId=1790434807&geoId=101165590&keywords=junior%20data%20scientist&location=United%20Kingdom
desc14,Data Scientist,Mid-Senior level,0.7,https://www.linkedin.com/jobs/search/?currentJobId=1865938740&geoId=101165590&keywords=junior%20data%20scientist&location=United%20Kingdom
desc15,Data Scientist,Entry level,,https://www.linkedin.com/jobs/search/?currentJobId=1799623738&geoId=101165590&keywords=junior%20data%20scientist&location=United%20Kingdom
desc16,Data Scientist,Mid-Senior level,,https://www.linkedin.com/jobs/search/?currentJobId=1894137820&geoId=101165590&keywords=junior%20data%20scientist&location=United%20Kingdom
desc17,Data Scientist,Entry level,,https://www.linkedin.com/jobs/search/?currentJobId=1861022022&geoId=101165590&keywords=junior%20data%20scientist&location=United%20Kingdom
desc18,Data Scientist,Entry level,1,https://www.linkedin.com/jobs/search/?currentJobId=1863305814&geoId=101165590&keywords=junior%20data%20scientist&location=United%20Kingdom
desc19,Data Scientist,Entry level,,https://www.linkedin.com/jobs/search/?currentJobId=1859398780&geoId=101165590&keywords=junior%20data%20scientist&location=United%20Kingdom
desc20,Graduate Data Scientist,Mid-Senior level,,https://www.linkedin.com/jobs/search/?currentJobId=1854170282&geoId=101165590&keywords=junior%20data%20scientist&location=United%20Kingdom
desc21,Data Scientist,Entry level,,https://www.linkedin.com/jobs/search/?currentJobId=1861251876&geoId=101165590&keywords=junior%20data%20scientist&location=United%20Kingdom
desc22,Data Scientist,Mid-Senior level,0.8,https://www.linkedin.com/jobs/search/?currentJobId=1863177825&geoId=101165590&keywords=junior%20data%20scientist&location=United%20Kingdom
desc23,Data Scientist,Mid-Senior level,0.444444444,https://www.linkedin.com/jobs/search/?currentJobId=1863316640&geoId=101165590&keywords=junior%20data%20scientist&location=United%20Kingdom
desc24,Data Scientist,Entry level,,https://www.linkedin.com/jobs/search/?currentJobId=1884593102&geoId=101165590&keywords=junior%20data%20scientist&location=United%20Kingdom&start=25
desc25,Data Scientist,,,https://www.linkedin.com/jobs/search/?currentJobId=1876207231&geoId=101165590&keywords=junior%20data%20scientist&location=United%20Kingdom&start=25
desc26,Data Scientist,Entry level,,https://www.linkedin.com/jobs/search/?currentJobId=1705464664&geoId=101165590&keywords=junior%20data%20scientist&location=United%20Kingdom&start=25
desc27,Junior Data Scientist,Associate,0.5,https://www.linkedin.com/jobs/search/?currentJobId=1840723147&geoId=101165590&keywords=junior%20data%20scientist&location=United%20Kingdom&start=25
desc28,Junior Data Scientist,Entry level,,https://www.linkedin.com/jobs/search/?currentJobId=1792540789&geoId=101165590&keywords=junior%20data%20scientist&location=United%20Kingdom&start=25
desc29,Data Scientist,Entry level,,https://www.linkedin.com/jobs/search/?currentJobId=1779642591&geoId=101165590&keywords=junior%20data%20scientist&location=United%20Kingdom&start=25
desc30,Data Scientist,Entry level,,https://www.linkedin.com/jobs/search/?currentJobId=1778795135&geoId=101165590&keywords=junior%20data%20scientist&location=United%20Kingdom&start=25
desc31,Data Scientist,Entry level,,https://www.linkedin.com/jobs/search/?currentJobId=1886305684&geoId=101165590&keywords=junior%20data%20scientist&location=United%20Kingdom&start=25
desc32,Data Scientist,Entry level,,https://www.linkedin.com/jobs/search/?currentJobId=1892433450&geoId=101165590&keywords=junior%20data%20scientist&location=United%20Kingdom&start=25
desc33,Data Scientist,Entry level,1,https://www.linkedin.com/jobs/search/?currentJobId=1798437520&geoId=101165590&keywords=junior%20data%20scientist&location=United%20Kingdom&start=25
desc34,Data Scientist,Entry level,,https://www.linkedin.com/jobs/search/?currentJobId=1862690006&geoId=101165590&keywords=junior%20data%20scientist&location=United%20Kingdom&start=25
desc35,Data Scientist,Mid-Senior level,0.2,https://www.linkedin.com/jobs/search/?currentJobId=1842801242&geoId=101165590&keywords=junior%20data%20scientist&location=United%20Kingdom&start=25
desc36,Data Scientist,Entry level,,https://www.linkedin.com/jobs/search/?currentJobId=1881039075&geoId=101165590&keywords=junior%20data%20scientist&location=United%20Kingdom&start=25
desc37,Data Scientist,Mid-Senior level,0.777777778,https://www.linkedin.com/jobs/search/?currentJobId=1538119538&geoId=101165590&keywords=junior%20data%20scientist&location=United%20Kingdom&start=25
desc38,Data Scientist,Mid-Senior level,,https://www.linkedin.com/jobs/search/?currentJobId=1857276112&geoId=101165590&keywords=junior%20data%20scientist&location=United%20Kingdom&start=25
desc39,Data Scientist,Mid-Senior level,0.4,https://www.linkedin.com/jobs/search/?currentJobId=1864608933&geoId=101165590&keywords=junior%20data%20scientist&location=United%20Kingdom&start=25
desc40,Data Scientist,Mid-Senior level,0.6,https://www.linkedin.com/jobs/search/?currentJobId=1843024389&geoId=101165590&keywords=junior%20data%20scientist&location=United%20Kingdom&start=25
desc41,Data Scientist,Mid-Senior level,1,https://www.linkedin.com/jobs/search/?currentJobId=1744006854&geoId=101165590&keywords=junior%20data%20scientist&location=United%20Kingdom&start=25
desc42,Research Data scientist,Entry level,,https://www.linkedin.com/jobs/search/?currentJobId=1729531534&geoId=101165590&keywords=junior%20data%20scientist&location=United%20Kingdom&start=25
desc43,Data Scientist,Entry level,,https://www.linkedin.com/jobs/search/?currentJobId=1888701833&geoId=101165590&keywords=junior%20data%20scientist&location=United%20Kingdom&start=25
desc44,Data Scientist,Entry level,,https://www.linkedin.com/jobs/search/?currentJobId=1893681891&geoId=101165590&keywords=junior%20data%20scientist&location=United%20Kingdom&start=25
desc45,Data Scientist,Entry level,,https://www.linkedin.com/jobs/search/?currentJobId=1893860658&geoId=101165590&keywords=junior%20data%20scientist&location=United%20Kingdom&start=25
desc46,Data Scientist,Entry level,,https://www.linkedin.com/jobs/search/?currentJobId=1833971290&geoId=101165590&keywords=junior%20data%20scientist&location=United%20Kingdom&start=25
desc47,Data Scientist,Mid-Senior level,0.625,https://www.linkedin.com/jobs/search/?geoId=101165590&keywords=junior%20data%20scientist&location=United%20Kingdom&start=50
desc48,Data Scientist,Entry level,1,https://www.linkedin.com/jobs/search/?currentJobId=1764099335&geoId=101165590&keywords=junior%20data%20scientist&location=United%20Kingdom&start=50
desc49,Data Scientist,Entry level,,https://www.linkedin.com/jobs/search/?currentJobId=1890917055&geoId=101165590&keywords=junior%20data%20scientist&location=United%20Kingdom&start=50
desc50,Data Scientist,Entry level,1,https://www.linkedin.com/jobs/search/?currentJobId=1768143960&geoId=101165590&keywords=junior%20data%20scientist&location=United%20Kingdom&start=50
desc51,Data Scientist,Entry level,0.6,https://www.linkedin.com/jobs/search/?currentJobId=1868648195&geoId=101165590&keywords=junior%20data%20scientist&location=United%20Kingdom&start=50
desc52,Data Scientist,Entry level,,https://www.linkedin.com/jobs/search/?currentJobId=1676676305&geoId=101165590&keywords=junior%20data%20scientist&location=United%20Kingdom&start=50
desc53,Data Scientist,Mid-Senior level,0.5,https://www.linkedin.com/jobs/search/?currentJobId=1878505447&geoId=101165590&keywords=junior%20data%20scientist&location=United%20Kingdom&start=50
desc54,Data Scientist,Entry level,,https://www.linkedin.com/jobs/search/?currentJobId=1878992644&geoId=101165590&keywords=junior%20data%20scientist&location=United%20Kingdom&start=50
desc55,Data Scientist,Mid-Senior level,0.2,https://www.linkedin.com/jobs/search/?currentJobId=1869274211&geoId=101165590&keywords=junior%20data%20scientist&location=United%20Kingdom&start=50
desc56,Data Scientist,Associate,,https://www.linkedin.com/jobs/search/?currentJobId=1738370283&geoId=101165590&keywords=junior%20data%20scientist&location=United%20Kingdom&start=50
desc57,Data Scientist,Associate,,https://www.linkedin.com/jobs/search/?currentJobId=1857264313&geoId=101165590&keywords=junior%20data%20scientist&location=United%20Kingdom&start=50
desc58,Data Scientist,Entry level,,https://www.linkedin.com/jobs/search/?currentJobId=1879008410&geoId=101165590&keywords=junior%20data%20scientist&location=United%20Kingdom&start=50
desc59,Data Scientist,Entry level,,https://www.linkedin.com/jobs/search/?currentJobId=1822950869&geoId=101165590&keywords=junior%20data%20scientist&location=United%20Kingdom&start=50
desc60,Data Scientist,Mid-Senior level,0.4,https://www.linkedin.com/jobs/search/?currentJobId=1856910449&geoId=101165590&keywords=junior%20data%20scientist&location=United%20Kingdom&start=50
desc61,Data Scientist,Entry level,,https://www.linkedin.com/jobs/search/?currentJobId=1764079899&geoId=101165590&keywords=junior%20data%20scientist&location=United%20Kingdom&start=50
desc62,Data Scientist,Mid-Senior level,0.6,https://www.linkedin.com/jobs/search/?currentJobId=1860282946&geoId=101165590&keywords=junior%20data%20scientist&location=United%20Kingdom&start=50
desc63,Data Scientist,Entry level,,https://www.linkedin.com/jobs/search/?currentJobId=1797729753&geoId=101165590&keywords=junior%20data%20scientist&location=United%20Kingdom&start=50
desc64,Data Scientist,Entry level,,https://www.linkedin.com/jobs/search/?currentJobId=1864131075&geoId=101165590&keywords=junior%20data%20scientist&location=United%20Kingdom&start=50
desc65,Data Scientist,Entry level,,https://www.linkedin.com/jobs/search/?currentJobId=1725170773&geoId=101165590&keywords=junior%20data%20scientist&location=United%20Kingdom&start=50
desc66,Data Scientist,Entry level,,https://www.linkedin.com/jobs/search/?currentJobId=1857297203&geoId=101165590&keywords=junior%20data%20scientist&location=United%20Kingdom&start=75
desc67,Data Scientist,Entry level,1,https://www.linkedin.com/jobs/search/?currentJobId=1834183279&geoId=101165590&keywords=junior%20data%20scientist&location=United%20Kingdom&start=75
desc68,Data Scientist,Associate,0.6,https://www.linkedin.com/jobs/search/?currentJobId=1862698650&geoId=101165590&keywords=junior%20data%20scientist&location=United%20Kingdom&start=75
desc69,Data Scientist,Entry level,,https://www.linkedin.com/jobs/search/?currentJobId=1890778477&geoId=101165590&keywords=junior%20data%20scientist&location=United%20Kingdom&start=75
desc70,Data Scientist,Entry level,,https://www.linkedin.com/jobs/search/?currentJobId=1763840360&geoId=101165590&keywords=junior%20data%20scientist&location=United%20Kingdom&start=75
desc71,Data Scientist,Entry level,,https://www.linkedin.com/jobs/search/?currentJobId=1784180313&geoId=101165590&keywords=junior%20data%20scientist&location=United%20Kingdom&start=75
desc72,Data Scientist,Mid-Senior level,,https://www.linkedin.com/jobs/search/?currentJobId=1794765932&geoId=101165590&keywords=junior%20data%20scientist&location=United%20Kingdom&start=75
desc73,Data Scientist,Entry level,1,https://www.linkedin.com/jobs/search/?currentJobId=1764002069&geoId=101165590&keywords=junior%20data%20scientist&location=United%20Kingdom&start=75
desc74,Data Scientist,Entry level,,https://www.linkedin.com/jobs/search/?currentJobId=1764011398&geoId=101165590&keywords=junior%20data%20scientist&location=United%20Kingdom&start=75
desc75,Data Scientist,Entry level,,https://www.linkedin.com/jobs/search/?currentJobId=1764050484&geoId=101165590&keywords=junior%20data%20scientist&location=United%20Kingdom&start=75
desc76,Data Scientist,Mid-Senior level,0.3,https://www.linkedin.com/jobs/search/?currentJobId=1864689351&geoId=101165590&keywords=junior%20data%20scientist&location=United%20Kingdom&start=75
desc77,Data Scientist,Entry level,1,https://www.linkedin.com/jobs/search/?currentJobId=1879564164&geoId=101165590&keywords=junior%20data%20scientist&location=United%20Kingdom&start=75
desc78,Data Scientist,Entry level,1,https://www.linkedin.com/jobs/search/?currentJobId=1714360388&geoId=101165590&keywords=junior%20data%20scientist&location=United%20Kingdom&start=75
desc79,Data Scientist,Entry level,,https://www.linkedin.com/jobs/search/?currentJobId=1764151593&geoId=101165590&keywords=junior%20data%20scientist&location=United%20Kingdom&start=75
desc80,Data Scientist,Entry level,1,https://www.linkedin.com/jobs/search/?currentJobId=1876811474&geoId=101165590&keywords=junior%20data%20scientist&location=United%20Kingdom&start=75
desc81,Data Scientist,Entry level,,https://www.linkedin.com/jobs/search/?currentJobId=1862495494&geoId=101165590&keywords=junior%20data%20scientist&location=United%20Kingdom&start=75
desc82,Data Scientist,Entry level,,https://www.linkedin.com/jobs/search/?currentJobId=1863195214&geoId=101165590&keywords=junior%20data%20scientist&location=United%20Kingdom&start=75
desc83,Data Scientist,Entry level,1,https://www.linkedin.com/jobs/search/?currentJobId=1696511184&geoId=101165590&keywords=junior%20data%20scientist&location=United%20Kingdom&start=75
desc84,Data Scientist,Entry level,,https://www.linkedin.com/jobs/search/?currentJobId=1894444811&geoId=101165590&keywords=junior%20data%20scientist&location=United%20Kingdom&start=75
desc85,Data Scientist,Entry level,,https://www.linkedin.com/jobs/search/?currentJobId=1680240190&geoId=101165590&keywords=junior%20data%20scientist&location=United%20Kingdom&start=75
desc86,Data Scientist,Entry level,,https://www.linkedin.com/jobs/search/?currentJobId=1893343843&geoId=101165590&keywords=junior%20data%20scientist&location=United%20Kingdom&start=100
desc87,Data Scientist,Mid-Senior level,,https://www.linkedin.com/jobs/search/?currentJobId=1857276470&geoId=101165590&keywords=junior%20data%20scientist&location=United%20Kingdom&start=100
desc88,Data Scientist,Mid-Senior level,0.666666667,https://www.linkedin.com/jobs/search/?currentJobId=1883871205&geoId=101165590&keywords=junior%20data%20scientist&location=United%20Kingdom&start=100
desc89,Data Scientist,Associate,0.4,https://www.linkedin.com/jobs/search/?currentJobId=1848847461&geoId=101165590&keywords=junior%20data%20scientist&location=United%20Kingdom&start=100
desc90,Data Scientist,Entry level,,https://www.linkedin.com/jobs/search/?currentJobId=1881266368&geoId=101165590&keywords=junior%20data%20scientist&location=United%20Kingdom&start=100
desc91,Data Scientist,Associate,0.6,https://www.linkedin.com/jobs/search/?currentJobId=1862634955&geoId=101165590&keywords=junior%20data%20scientist&location=United%20Kingdom&start=100
desc92,Data Scientist,Entry level,,https://www.linkedin.com/jobs/search/?currentJobId=1889349657&geoId=101165590&keywords=junior%20data%20scientist&location=United%20Kingdom&start=100
desc93,Data Scientist,Entry level,1,https://www.linkedin.com/jobs/search/?currentJobId=1757964412&geoId=101165590&keywords=junior%20data%20scientist&location=United%20Kingdom&start=100
desc94,Data Scientist,Entry level,0.571428571,https://www.linkedin.com/jobs/search/?currentJobId=1884004600&geoId=101165590&keywords=junior%20data%20scientist&location=United%20Kingdom&start=100
desc95,Data Scientist,Mid-Senior level,0.2,https://www.linkedin.com/jobs/search/?currentJobId=1856924003&geoId=101165590&keywords=junior%20data%20scientist&location=United%20Kingdom&start=100
desc96,Data Scientist,Associate,0.75,https://www.linkedin.com/jobs/search/?currentJobId=1853778382&geoId=101165590&keywords=junior%20data%20scientist&location=United%20Kingdom&start=100
desc97,Data Scientist,Entry level,,https://www.linkedin.com/jobs/search/?currentJobId=1884202807&geoId=101165590&keywords=junior%20data%20scientist&location=United%20Kingdom&start=100
desc98,Data Scientist,Entry level,1,https://www.linkedin.com/jobs/search/?currentJobId=1889535238&geoId=101165590&keywords=junior%20data%20scientist&location=United%20Kingdom&start=100
desc99,Data Scientist,Entry level,1,https://www.linkedin.com/jobs/search/?currentJobId=1861026153&geoId=101165590&keywords=junior%20data%20scientist&location=United%20Kingdom&start=100
desc100,Data Scientist,Mid-Senior level,0.4,https://www.linkedin.com/jobs/search/?currentJobId=1833956454&geoId=101165590&keywords=junior%20data%20scientist&location=United%20Kingdom&start=100
desc101,Data Scientist,Entry level,,https://www.linkedin.com/jobs/search/?currentJobId=1881000422&geoId=101165590&keywords=junior%20data%20scientist&location=United%20Kingdom&start=100
desc102,Data Scientist,Mid-Senior level,0.7,https://www.linkedin.com/jobs/search/?currentJobId=1738819776&geoId=101165590&keywords=junior%20data%20scientist&location=United%20Kingdom&start=100
desc103,Data Scientist,Mid-Senior level,0.6,https://www.linkedin.com/jobs/search/?currentJobId=1833962424&geoId=101165590&keywords=junior%20data%20scientist&location=United%20Kingdom&start=100
desc104,Data Scientist,Entry level,,https://www.linkedin.com/jobs/search/?currentJobId=1826688230&geoId=101165590&keywords=junior%20data%20scientist&location=United%20Kingdom&start=125
desc105,Data Scientist,Entry level,1,https://www.linkedin.com/jobs/search/?currentJobId=1884528985&geoId=101165590&keywords=junior%20data%20scientist&location=United%20Kingdom&start=125
desc106,Data Scientist,Entry level,,https://www.linkedin.com/jobs/search/?currentJobId=1896205975&geoId=101165590&keywords=junior%20data%20scientist&location=United%20Kingdom&start=125
desc107,Data Scientist,Entry level,,https://www.linkedin.com/jobs/search/?currentJobId=1793011651&geoId=101165590&keywords=junior%20data%20scientist&location=United%20Kingdom&start=125
desc108,Data Scientist,Entry level,,https://www.linkedin.com/jobs/search/?currentJobId=1519958512&geoId=101165590&keywords=junior%20data%20scientist&location=United%20Kingdom&start=125
desc109,Data Scientist,Associate,0.4,https://www.linkedin.com/jobs/search/?currentJobId=1848847461&geoId=101165590&keywords=junior%20data%20scientist&location=United%20Kingdom&start=125
desc110,Data Scientist,Mid-Senior level,0.8,https://www.linkedin.com/jobs/search/?currentJobId=1857649203&geoId=101165590&keywords=junior%20data%20scientist&location=United%20Kingdom&start=125
desc111,Data Scientist,Entry level,,https://www.linkedin.com/jobs/search/?currentJobId=1862652450&geoId=101165590&keywords=junior%20data%20scientist&location=United%20Kingdom&start=125
desc112,Data Scientist,Entry level,1,https://www.linkedin.com/jobs/search/?currentJobId=1816557061&geoId=101165590&keywords=junior%20data%20scientist&location=United%20Kingdom&start=125
desc113,Data Scientist,Entry level,,https://www.linkedin.com/jobs/search/?currentJobId=1759021864&geoId=101165590&keywords=junior%20data%20scientist&location=United%20Kingdom&start=125
desc114,Data Scientist,Mid-Senior level,,https://www.linkedin.com/jobs/search/?currentJobId=1626919486&geoId=101165590&keywords=junior%20data%20scientist&location=United%20Kingdom&start=125
desc115,Data Scientist,Associate,,https://www.linkedin.com/jobs/search/?currentJobId=1759034599&geoId=101165590&keywords=junior%20data%20scientist&location=United%20Kingdom&start=125
desc116,Data Scientist,Entry level,,https://www.linkedin.com/jobs/search/?currentJobId=1764181663&geoId=101165590&keywords=junior%20data%20scientist&location=United%20Kingdom&start=125
desc117,Data Scientist,Entry level,,https://www.linkedin.com/jobs/search/?currentJobId=1892784627&geoId=101165590&keywords=junior%20data%20scientist&location=United%20Kingdom&start=125
desc118,Data Scientist,Entry level,0.6,https://www.linkedin.com/jobs/search/?currentJobId=1829827960&geoId=101165590&keywords=junior%20data%20scientist&location=United%20Kingdom&start=125
desc119,Data Scientist,Entry level,,https://www.linkedin.com/jobs/search/?currentJobId=1876249267&geoId=101165590&keywords=data%20scientist&location=United%20Kingdom&start=125
desc120,Data Scientist,Entry level,1,https://www.linkedin.com/jobs/search/?currentJobId=1764005428&geoId=101165590&keywords=data%20scientist&location=United%20Kingdom&start=125
desc121,Junior Data Analyst,Associate,1,https://www.linkedin.com/jobs/search/?currentJobId=1896177814&geoId=101165590&keywords=data%20scientist&location=United%20Kingdom&start=125
desc122,Data Analyst,Mid-Senior level,0.3,https://www.linkedin.com/jobs/search/?currentJobId=1863319879&geoId=101165590&keywords=data%20scientist&location=United%20Kingdom&start=125
desc123,Senior Data Scientist,Mid-Senior level,0.857142857,https://www.linkedin.com/jobs/search/?geoId=101165590&keywords=data%20scientist&location=United%20Kingdom&start=150
desc124,Data Analyst,Entry level,,https://www.linkedin.com/jobs/search/?currentJobId=1725815774&geoId=101165590&keywords=data%20scientist&location=United%20Kingdom&start=150
desc125,Junior Data Analyst,Associate,,https://www.linkedin.com/jobs/search/?currentJobId=1884597808&geoId=101165590&keywords=data%20scientist&location=United%20Kingdom&start=150
desc126,Data Scientist,Entry level,1,https://www.linkedin.com/jobs/search/?currentJobId=1364327886&geoId=101165590&keywords=data%20scientist&location=United%20Kingdom&start=150
desc127,Data Scientist,Mid-Senior level,0.666666667,https://www.linkedin.com/jobs/search/?currentJobId=1883871205&geoId=101165590&keywords=data%20scientist&location=United%20Kingdom&start=150
desc128,Data Scientist,Entry level,,https://www.linkedin.com/jobs/search/?currentJobId=1848086725&geoId=101165590&keywords=data%20scientist&location=United%20Kingdom&start=150
desc129,Data Scientist,Mid-Senior level,0.7,https://www.linkedin.com/jobs/search/?currentJobId=1877449333&geoId=101165590&keywords=data%20scientist&location=United%20Kingdom&start=175
desc130,Data Scientist,Associate,0.4,https://www.linkedin.com/jobs/search/?currentJobId=1866323876&geoId=101165590&keywords=data%20scientist&location=United%20Kingdom&start=175
desc131,Data Scientist,Mid-Senior level,,https://www.linkedin.com/jobs/search/?currentJobId=1892298773&geoId=101165590&keywords=data%20scientist&location=United%20Kingdom&start=175
desc132,Data Analyst,Entry level,,https://www.linkedin.com/jobs/search/?currentJobId=1893699896&geoId=101165590&keywords=data%20scientist&location=United%20Kingdom&start=175
desc133,Data Scientist,Mid-Senior level,0.555555556,https://www.linkedin.com/jobs/search/?currentJobId=1848839012&geoId=101165590&keywords=data%20scientist&location=United%20Kingdom&start=175
desc134,Data Scientist,Entry level,1,https://www.linkedin.com/jobs/search/?currentJobId=1854104019&geoId=101165590&keywords=data%20scientist&location=United%20Kingdom&start=175
desc135,Data Scientist,Mid-Senior level,0.3,https://www.linkedin.com/jobs/search/?currentJobId=1859856789&geoId=101165590&keywords=data%20scientist&location=United%20Kingdom&start=175
desc136,Data Analyst,Entry level,,https://www.linkedin.com/jobs/search/?currentJobId=1896196740&geoId=101165590&keywords=data%20scientist&location=United%20Kingdom&start=175
desc137,Data Analyst,Entry level,,https://www.linkedin.com/jobs/search/?currentJobId=1896114848&geoId=101165590&keywords=data%20scientist&location=United%20Kingdom&start=175
desc138,Lead Data Scientist,Mid-Senior level,0.5,https://www.linkedin.com/jobs/search/?currentJobId=1863320398&geoId=101165590&keywords=data%20scientist&location=United%20Kingdom&start=175
desc139,Data Analyst,Entry level,,https://www.linkedin.com/jobs/search/?currentJobId=1848834531&geoId=101165590&keywords=data%20scientist&location=United%20Kingdom&start=175
desc140,Data Scientist,Entry level,,https://www.linkedin.com/jobs/search/?currentJobId=1437841676&geoId=101165590&keywords=data%20scientist&location=United%20Kingdom&start=200
desc141,Data Analyst,Entry level,,https://www.linkedin.com/jobs/search/?currentJobId=1763888750&geoId=101165590&keywords=data%20scientist&location=United%20Kingdom&start=200
desc142,Data Scientist,Director,0.5,https://www.linkedin.com/jobs/search/?currentJobId=1862435780&geoId=101165590&keywords=data%20scientist&location=United%20Kingdom&start=200
desc143,Data Analyst,Mid-Senior level,0.3,https://www.linkedin.com/jobs/search/?currentJobId=1848858057&geoId=101165590&keywords=data%20scientist&location=United%20Kingdom&start=200
desc144,Data Scientist,Entry level,1,https://www.linkedin.com/jobs/search/?currentJobId=1824067257&geoId=101165590&keywords=data%20scientist&location=United%20Kingdom&start=200
desc145,Data Scientist,Entry level,,https://www.linkedin.com/jobs/search/?currentJobId=1786238792&geoId=101165590&keywords=data%20scientist&location=United%20Kingdom&start=200
desc146,Data Analyst,Mid-Senior level,,https://www.linkedin.com/jobs/search/?currentJobId=1881281295&geoId=101165590&keywords=data%20scientist&location=United%20Kingdom&start=200
desc147,Data Analyst,Entry level,,https://www.linkedin.com/jobs/search/?currentJobId=1348467139&geoId=101165590&keywords=data%20scientist&location=United%20Kingdom&start=200
desc148,Junior Data Analyst,Associate,,https://www.linkedin.com/jobs/search/?currentJobId=1818958807&geoId=101165590&keywords=data%20scientist&location=United%20Kingdom&start=200
desc149,Data Analyst,Entry level,,https://www.linkedin.com/jobs/search/?currentJobId=1865601637&geoId=101165590&keywords=data%20scientist&location=United%20Kingdom&start=200
desc150,Data Scientist,Entry level,,https://www.linkedin.com/jobs/search/?currentJobId=1653950382&geoId=101165590&keywords=data%20scientist&location=United%20Kingdom&start=200
desc151,Data Analyst,Entry level,,https://www.linkedin.com/jobs/search/?currentJobId=1864356842&geoId=101165590&keywords=data%20scientist&location=United%20Kingdom&start=200
desc152,Data Analyst,Entry level,,https://www.linkedin.com/jobs/search/?currentJobId=1875567016&geoId=101165590&keywords=data%20scientist&location=United%20Kingdom&start=200
desc153,Data Analyst,Entry level,,https://www.linkedin.com/jobs/search/?currentJobId=1887930565&geoId=101165590&keywords=data%20scientist&location=United%20Kingdom&start=200
desc154,Data Analyst,Mid-Senior level,0.3,https://www.linkedin.com/jobs/search/?currentJobId=1863308201&geoId=101165590&keywords=data%20scientist&location=United%20Kingdom&start=200
desc155,Data Analyst,Entry level,,https://www.linkedin.com/jobs/search/?currentJobId=1890093773&geoId=101165590&keywords=data%20scientist&location=United%20Kingdom&start=200
desc156,Data Analyst,Associate,,https://www.linkedin.com/jobs/search/?currentJobId=1878470348&geoId=101165590&keywords=data%20scientist&location=United%20Kingdom&start=200
desc157,Data Analyst,Entry level,,https://www.linkedin.com/jobs/search/?currentJobId=1813968084&geoId=101165590&keywords=data%20scientist&location=United%20Kingdom&start=225
desc158,Data Analyst,Entry level,,https://www.linkedin.com/jobs/search/?currentJobId=1887935811&geoId=101165590&keywords=data%20scientist&location=United%20Kingdom&start=225
desc159,Data Analyst,Entry level,,https://www.linkedin.com/jobs/search/?currentJobId=1884651703&geoId=101165590&keywords=data%20scientist&location=United%20Kingdom&start=225
desc160,Data Analyst,Associate,0.4,https://www.linkedin.com/jobs/search/?currentJobId=1846537538&geoId=101165590&keywords=data%20scientist&location=United%20Kingdom&start=225
desc161,Senior Data Scientist,Mid-Senior level,0.6,https://www.linkedin.com/jobs/search/?currentJobId=1862627451&geoId=101165590&keywords=data%20scientist&location=United%20Kingdom&start=225
desc162,Data Analyst,Entry level,,https://www.linkedin.com/jobs/search/?currentJobId=1884786947&geoId=101165590&keywords=data%20scientist&location=United%20Kingdom&start=225
desc163,Data Scientist,Entry level,,https://www.linkedin.com/jobs/search/?currentJobId=1861012677&geoId=101165590&keywords=data%20scientist&location=United%20Kingdom&start=225
desc164,Data Scientist,Mid-Senior level,,https://www.linkedin.com/jobs/search/?currentJobId=1880187529&geoId=101165590&keywords=data%20scientist&location=United%20Kingdom&start=225
desc165,Data Analyst,Entry level,,https://www.linkedin.com/jobs/search/?currentJobId=1787044113&geoId=101165590&keywords=data%20scientist&location=United%20Kingdom&start=225
desc166,Data Analyst,Entry level,,https://www.linkedin.com/jobs/search/?currentJobId=1608404334&geoId=101165590&keywords=data%20scientist&location=United%20Kingdom&start=225
desc167,Data Analyst,Entry level,,https://www.linkedin.com/jobs/search/?currentJobId=1764152296&geoId=101165590&keywords=data%20scientist&location=United%20Kingdom&start=225
desc168,Junior Data Analyst,Associate,1,https://www.linkedin.com/jobs/search/?currentJobId=1870839486&geoId=101165590&keywords=data%20scientist&location=United%20Kingdom&start=225
desc169,Data Scientist,Entry level,,https://www.linkedin.com/jobs/search/?currentJobId=1847079493&geoId=101165590&keywords=data%20scientist&location=United%20Kingdom&start=225
desc170,Data Analyst,Entry level,,https://www.linkedin.com/jobs/search/?currentJobId=1894130491&geoId=101165590&keywords=data%20scientist&location=United%20Kingdom&start=225
desc171,Data Analyst,Entry level,,https://www.linkedin.com/jobs/search/?currentJobId=1893646941&geoId=101165590&keywords=data%20scientist&location=United%20Kingdom&start=225
desc172,Data Analyst,Mid-Senior level,0.3,https://www.linkedin.com/jobs/search/?currentJobId=1846518810&geoId=101165590&keywords=data%20scientist&location=United%20Kingdom&start=225
desc173,Data Scientist,Mid-Senior level,,https://www.linkedin.com/jobs/search/?currentJobId=1855334761&geoId=101165590&keywords=data%20scientist&location=United%20Kingdom&start=225
desc174,Data Analyst,Entry level,,https://www.linkedin.com/jobs/search/?currentJobId=1888966960&geoId=101165590&keywords=data%20scientist&location=United%20Kingdom&start=225
desc175,Junior Data Analyst,Associate,,https://www.linkedin.com/jobs/search/?currentJobId=1786567250&geoId=101165590&keywords=data%20scientist&location=United%20Kingdom&start=225
desc176,Data Analyst,Entry level,,https://www.linkedin.com/jobs/search/?currentJobId=1888444724&geoId=101165590&keywords=data%20scientist&location=United%20Kingdom&start=225
desc177,Data Analyst,Entry level,,https://www.linkedin.com/jobs/search/?currentJobId=1889019322&geoId=101165590&keywords=data%20scientist&location=United%20Kingdom&start=225
desc178,Data Analyst,Associate,,https://www.linkedin.com/jobs/search/?currentJobId=1863393257&geoId=101165590&keywords=data%20scientist&location=United%20Kingdom&start=225
desc179,Lead Data Scientist,Mid-Senior level,0.5,https://www.linkedin.com/jobs/search/?currentJobId=1868624238&geoId=101165590&keywords=data%20scientist&location=United%20Kingdom&start=250
desc180,Senior Data Scientist,Mid-Senior level,0.6,https://www.linkedin.com/jobs/search/?currentJobId=1870965402&geoId=101165590&keywords=data%20scientist&location=United%20Kingdom&start=250
desc181,Lead Data Scientist,Entry level,,https://www.linkedin.com/jobs/search/?currentJobId=1881943264&geoId=101165590&keywords=data%20scientist&location=United%20Kingdom&start=250
desc182,Data Analyst,Entry level,0.6,https://www.linkedin.com/jobs/search/?currentJobId=1749948271&geoId=101165590&keywords=data%20scientist&location=United%20Kingdom&start=250
desc183,Lead Data Scientist,Mid-Senior level,1,https://www.linkedin.com/jobs/search/?currentJobId=1894009010&geoId=101165590&keywords=data%20scientist&location=United%20Kingdom&start=250
desc184,Data Analyst,Mid-Senior level,0.5,https://www.linkedin.com/jobs/search/?currentJobId=1868910549&geoId=101165590&keywords=data%20scientist&location=United%20Kingdom&start=250
desc185,Data Scientist,Entry level,1,https://www.linkedin.com/jobs/search/?currentJobId=1437462230&geoId=101165590&keywords=data%20scientist&location=United%20Kingdom&start=250
desc186,Data Analyst,Entry level,,https://www.linkedin.com/jobs/search/?currentJobId=1866404505&geoId=101165590&keywords=data%20scientist&location=United%20Kingdom&start=250
desc187,Data Analyst,Entry level,,https://www.linkedin.com/jobs/search/?currentJobId=1884601623&geoId=101165590&keywords=data%20scientist&location=United%20Kingdom&start=250
desc188,Data Analyst,Entry level,,https://www.linkedin.com/jobs/search/?currentJobId=1560406531&geoId=101165590&keywords=data%20scientist&location=United%20Kingdom&start=250
desc189,Data Analyst,Entry level,,https://www.linkedin.com/jobs/search/?currentJobId=1846262213&geoId=101165590&keywords=data%20scientist&location=United%20Kingdom&start=250
desc190,Data Analyst,Entry level,,https://www.linkedin.com/jobs/search/?currentJobId=1865051516&geoId=101165590&keywords=data%20scientist&location=United%20Kingdom&start=250
desc191,Data Analyst,Entry level,,https://www.linkedin.com/jobs/search/?currentJobId=1888441495&geoId=101165590&keywords=data%20scientist&location=United%20Kingdom&start=250
desc192,Data Analyst,Entry level,1,https://www.linkedin.com/jobs/search/?currentJobId=1764082763&geoId=101165590&keywords=data%20scientist&location=United%20Kingdom&start=250
desc193,Data Analyst,Entry level,1,https://www.linkedin.com/jobs/search/?currentJobId=1885589665&geoId=101165590&keywords=data%20scientist&location=United%20Kingdom&start=250
desc194,Data Engineer,Mid-Senior level,0.3,https://www.linkedin.com/jobs/search/?currentJobId=1871206085&geoId=101165590&keywords=data%20scientist&location=United%20Kingdom&start=250
desc195,Junior Data Analyst,Associate,1,https://www.linkedin.com/jobs/search/?currentJobId=1893635210&geoId=101165590&keywords=data%20scientist&location=United%20Kingdom&start=250
desc196,Data Analyst,Entry level,,https://www.linkedin.com/jobs/search/?currentJobId=1285645337&geoId=101165590&keywords=data%20scientist&location=United%20Kingdom&start=250
desc197,Data Scientist,Entry level,,https://www.linkedin.com/jobs/search/?currentJobId=1883491222&geoId=101165590&keywords=data%20scientist&location=United%20Kingdom&start=250
desc198,Senior Data Scientist,Mid-Senior level,0.5,https://www.linkedin.com/jobs/search/?geoId=101165590&keywords=data%20scientist&location=United%20Kingdom&start=275
desc199,Lead Data Scientist,Mid-Senior level,0.5,https://www.linkedin.com/jobs/search/?currentJobId=1868624238&geoId=101165590&keywords=data%20scientist&location=United%20Kingdom&start=275
desc200,Chief Data Scientist,Executive,1,https://www.linkedin.com/jobs/search/?currentJobId=1861273851&geoId=101165590&keywords=data%20scientist&location=United%20Kingdom&start=275
desc201,Senior Data Scientist,Associate,,https://www.linkedin.com/jobs/search/?currentJobId=1870286390&geoId=101165590&keywords=data%20scientist&location=United%20Kingdom&start=275
desc202,Senior Data Scientist,Mid-Senior level,0.625,https://www.linkedin.com/jobs/search/?currentJobId=1877038019&geoId=101165590&keywords=data%20scientist&location=United%20Kingdom&start=275
desc203,Data Scientist,Entry level,,https://www.linkedin.com/jobs/search/?currentJobId=1960461919&f_E=2&geoId=101165590&keywords=data%20science&location=United%20Kingdom
desc204,Biological Data Scientist,Entry level,,https://www.linkedin.com/jobs/search/?currentJobId=1981563030&f_E=2&geoId=101165590&keywords=data%20science&location=United%20Kingdom
desc205,Data Scientist,Entry level,,https://www.linkedin.com/jobs/search/?currentJobId=1994151912&f_E=2&geoId=101165590&keywords=data%20science&location=United%20Kingdom
desc206,Junior Data Scientist,Entry level,,https://www.linkedin.com/jobs/search/?currentJobId=1991835254&f_E=2&geoId=101165590&keywords=data%20science&location=United%20Kingdom
desc207,Data Scientist,Entry level,,https://www.linkedin.com/jobs/search/?currentJobId=1967219806&f_E=2&geoId=101165590&keywords=data%20science&location=United%20Kingdom
desc208,Junior Data Analyst,Entry level,,https://www.linkedin.com/jobs/search/?currentJobId=1963673829&f_E=2&geoId=101165590&keywords=data%20science&location=United%20Kingdom
desc209,Sports Data Scientist,Entry level,,https://www.linkedin.com/jobs/search/?currentJobId=1969924485&f_E=2&geoId=101165590&keywords=data%20science&location=United%20Kingdom
desc210,Data Scientist,Entry level,,https://www.linkedin.com/jobs/search/?currentJobId=1990210828&f_E=2&geoId=101165590&keywords=data%20science&location=United%20Kingdom
desc211,Data Scientist,Entry level,,https://www.linkedin.com/jobs/search/?currentJobId=1994569335&f_E=2&geoId=101165590&keywords=data%20science&location=United%20Kingdom
desc212,Graduate Data Scientist,Entry level,,https://www.linkedin.com/jobs/search/?currentJobId=1984610002&f_E=2&geoId=101165590&keywords=data%20science&location=United%20Kingdom
desc213,Junior Data Scientist,Entry level,,https://www.linkedin.com/jobs/search/?currentJobId=1947651822&f_E=2&geoId=101165590&keywords=data%20science&location=United%20Kingdom
desc214,Data Scientist,Entry level,,https://www.linkedin.com/jobs/search/?currentJobId=1992201622&f_E=2&geoId=101165590&keywords=data%20science&location=United%20Kingdom
desc215,Sports Data Scientist,Entry level,,https://www.linkedin.com/jobs/search/?currentJobId=1990735135&f_E=2&geoId=101165590&keywords=data%20science&location=United%20Kingdom
desc216,Data Scientist,Entry level,,https://www.linkedin.com/jobs/search/?currentJobId=1984878938&f_E=2&geoId=101165590&keywords=data%20science&location=United%20Kingdom
desc217,Data Scientist,Entry level,0.5,https://www.linkedin.com/jobs/search/?currentJobId=1960124488&f_E=2&geoId=101165590&keywords=data%20science&location=United%20Kingdom
desc218,Bioinformatics Data Scientist,Entry level,,https://www.linkedin.com/jobs/search/?currentJobId=1942004169&f_E=2&geoId=101165590&keywords=data%20science&location=United%20Kingdom
desc219,Data Scientist,Entry level,,https://www.linkedin.com/jobs/search/?currentJobId=1991518941&f_E=2&geoId=101165590&keywords=data%20science&location=United%20Kingdom
desc220,Data Scientist,Entry level,,https://www.linkedin.com/jobs/search/?currentJobId=1680240190&f_E=2&geoId=101165590&keywords=data%20science&location=United%20Kingdom
desc221,Data Scientist,Entry level,,https://www.linkedin.com/jobs/search/?currentJobId=1993777459&f_E=2&geoId=101165590&keywords=data%20science&location=United%20Kingdom
desc222,Data Scientist,Entry level,,https://www.linkedin.com/jobs/search/?currentJobId=1980868748&f_E=2&geoId=101165590&keywords=data%20science&location=United%20Kingdom
desc223,Data Scientist,Entry level,,https://www.linkedin.com/jobs/search/?f_E=2&geoId=101165590&keywords=data%20science&location=United%20Kingdom&start=25
desc224,Data Scientist,Entry level,,https://www.linkedin.com/jobs/search/?currentJobId=1950742537&f_E=2&geoId=101165590&keywords=data%20science&location=United%20Kingdom&start=25
desc225,Data Scientist,Entry level,,https://www.linkedin.com/jobs/search/?currentJobId=1928785898&f_E=2&geoId=101165590&keywords=data%20science&location=United%20Kingdom&start=25
desc226,Data Scientist,Entry level,,https://www.linkedin.com/jobs/search/?currentJobId=1991298807&f_E=2&geoId=101165590&keywords=data%20science&location=United%20Kingdom&start=25
desc227,Data Scientist,Entry level,1,https://www.linkedin.com/jobs/search/?currentJobId=1984837789&f_E=2&geoId=101165590&keywords=data%20science&location=United%20Kingdom&start=25
desc228,Data Scientist,Entry level,1,https://www.linkedin.com/jobs/search/?currentJobId=1972213758&f_E=2&geoId=101165590&keywords=data%20science&location=United%20Kingdom&start=25
desc229,Data Scientist,Entry level,0.6,https://www.linkedin.com/jobs/search/?currentJobId=1990215453&f_E=2&geoId=101165590&keywords=data%20science&location=United%20Kingdom&start=25
desc230,Data Scientist,Entry level,,https://www.linkedin.com/jobs/search/?currentJobId=1976393281&f_E=2&geoId=101165590&keywords=data%20science&location=United%20Kingdom&start=25
desc231,Data Scientist,Entry level,,https://www.linkedin.com/jobs/search/?currentJobId=1990938587&f_E=2&geoId=101165590&keywords=data%20science&location=United%20Kingdom&start=25
desc232,Data Scientist,Entry level,,https://www.linkedin.com/jobs/search/?currentJobId=1992894508&f_E=2&geoId=101165590&keywords=data%20science&location=United%20Kingdom&start=25
desc233,Data Scientist,Entry level,,https://www.linkedin.com/jobs/search/?currentJobId=1993236349&f_E=2&geoId=101165590&keywords=data%20science&location=United%20Kingdom&start=25
desc234,Data Scientist,Entry level,,https://www.linkedin.com/jobs/search/?currentJobId=1990250375&f_E=2&geoId=101165590&keywords=data%20science&location=United%20Kingdom&start=25
desc235,Data Scientist,Entry level,,https://www.linkedin.com/jobs/search/?currentJobId=1940415539&f_E=2&geoId=101165590&keywords=data%20science&location=United%20Kingdom&start=25
desc236,Data Scientist,Entry level,,https://www.linkedin.com/jobs/search/?currentJobId=1984334029&f_E=2&geoId=101165590&keywords=data%20science&location=United%20Kingdom&start=25
desc237,Data Scientist,Entry level,,https://www.linkedin.com/jobs/search/?currentJobId=1986200030&f_E=2&geoId=101165590&keywords=data%20science&location=United%20Kingdom&start=25
desc238,Data Scientist,Entry level,,https://www.linkedin.com/jobs/search/?currentJobId=1982278738&f_E=2&geoId=101165590&keywords=data%20science&location=United%20Kingdom&start=25
desc239,Data Scientist,Entry level,,https://www.linkedin.com/jobs/search/?currentJobId=1994088137&f_E=2&geoId=101165590&keywords=data%20science&location=United%20Kingdom&start=25
desc240,Data Scientist,Entry level,,https://www.linkedin.com/jobs/search/?currentJobId=1977842629&f_E=2&geoId=101165590&keywords=data%20science&location=United%20Kingdom&start=25
desc241,Data Scientist,Entry level,,https://www.linkedin.com/jobs/search/?f_E=2&geoId=101165590&keywords=data%20science&location=United%20Kingdom&start=50
desc242,Data Scientist,Entry level,,https://www.linkedin.com/jobs/search/?currentJobId=1974096353&f_E=2&geoId=101165590&keywords=data%20science&location=United%20Kingdom&start=50
desc243,Data Scientist,Entry level,1,https://www.linkedin.com/jobs/search/?currentJobId=1364327886&f_E=2&geoId=101165590&keywords=data%20science&location=United%20Kingdom&start=50
desc244,Data Scientist,Entry level,,https://www.linkedin.com/jobs/search/?currentJobId=1997042963&f_E=2&geoId=101165590&keywords=data%20science&location=United%20Kingdom&start=50
desc245,Data Scientist,Entry level,,https://www.linkedin.com/jobs/search/?currentJobId=1940415539&f_E=2&geoId=101165590&keywords=data%20science&location=United%20Kingdom&start=50
desc246,Data Scientist,Entry level,0.777777778,https://www.linkedin.com/jobs/search/?currentJobId=1990938587&f_E=2&geoId=101165590&keywords=data%20science&location=United%20Kingdom&start=50
desc247,Data Scientist,Entry level,1,https://www.linkedin.com/jobs/search/?currentJobId=1997092456&f_E=2&geoId=101165590&keywords=data%20science&location=United%20Kingdom&start=50
desc248,Data Scientist,Entry level,,https://www.linkedin.com/jobs/search/?currentJobId=1990343040&f_E=2&geoId=101165590&keywords=data%20science&location=United%20Kingdom&start=50
desc249,Data Scientist,Entry level,,https://www.linkedin.com/jobs/search/?currentJobId=1519958512&f_E=2&geoId=101165590&keywords=data%20science&location=United%20Kingdom&start=50
desc250,Data Scientist,Entry level,,https://www.linkedin.com/jobs/search/?currentJobId=1995408092&f_E=2&geoId=101165590&keywords=data%20science&location=United%20Kingdom&start=50
desc251,Data Scientist,Entry level,,https://www.linkedin.com/jobs/search/?currentJobId=1986172054&f_E=2&geoId=101165590&keywords=data%20science&location=United%20Kingdom&start=50
desc252,Data Scientist,Entry level,1,https://www.linkedin.com/jobs/search/?currentJobId=1994220293&f_E=2&geoId=101165590&keywords=data%20science&location=United%20Kingdom&start=50
desc253,Data Scientist,Entry level,,https://www.linkedin.com/jobs/search/?currentJobId=1993777459&f_E=2&geoId=101165590&keywords=data%20science&location=United%20Kingdom&start=50
desc254,Data Scientist,Entry level,1,https://www.linkedin.com/jobs/search/?currentJobId=1992392066&f_E=2&geoId=101165590&keywords=data%20science&location=United%20Kingdom&start=50
desc255,Data Scientist,Entry level,,https://www.linkedin.com/jobs/search/?currentJobId=1988642993&f_E=2&geoId=101165590&keywords=data%20science&location=United%20Kingdom&start=50
desc256,Data Scientist,Entry level,,https://www.linkedin.com/jobs/search/?f_E=2&geoId=101165590&keywords=data%20science&location=United%20Kingdom&start=75
desc257,Data Scientist,Entry level,,https://www.linkedin.com/jobs/search/?currentJobId=1993236349&f_E=2&geoId=101165590&keywords=data%20science&location=United%20Kingdom&start=75
desc258,Data Scientist,Entry level,,https://www.linkedin.com/jobs/search/?currentJobId=1992040719&f_E=2&geoId=101165590&keywords=data%20science&location=United%20Kingdom&start=75
desc259,Data Scientist,Entry level,,https://www.linkedin.com/jobs/search/?currentJobId=1974429927&f_E=2&geoId=101165590&keywords=data%20science&location=United%20Kingdom&start=75
desc260,Data Scientist,Entry level,,https://www.linkedin.com/jobs/search/?currentJobId=1990674573&f_E=2&geoId=101165590&keywords=data%20science&location=United%20Kingdom&start=75
desc261,Machine Learning Engineer,Entry level,0.3,https://www.linkedin.com/jobs/search/?currentJobId=1994642257&f_E=2&geoId=101165590&keywords=data%20science&location=United%20Kingdom&start=75
desc262,Data Scientist,Entry level,,https://www.linkedin.com/jobs/search/?currentJobId=1969406221&f_E=2&geoId=101165590&keywords=data%20science&location=United%20Kingdom&start=75
desc263,Data Scientist,Entry level,,https://www.linkedin.com/jobs/search/?currentJobId=1990766861&f_E=2&geoId=101165590&keywords=data%20science&location=United%20Kingdom&start=75
desc264,Data Scientist,Entry level,,https://www.linkedin.com/jobs/search/?currentJobId=1976593970&f_E=2&geoId=101165590&keywords=data%20science&location=United%20Kingdom&start=75
desc265,Data Scientist,Entry level,,https://www.linkedin.com/jobs/search/?currentJobId=1962262522&f_E=2&geoId=101165590&keywords=data%20science&location=United%20Kingdom&start=75
desc266,Data Scientist,Entry level,,https://www.linkedin.com/jobs/search/?currentJobId=1993393359&f_E=2&geoId=101165590&keywords=data%20science&location=United%20Kingdom&start=75
desc267,Bioinformatics Data Scientist,Entry level,,https://www.linkedin.com/jobs/search/?currentJobId=1960673213&f_E=2&geoId=101165590&keywords=data%20science&location=United%20Kingdom&start=75
desc268,Data Scientist,Entry level,1,https://www.linkedin.com/jobs/search/?currentJobId=1997167623&f_E=2&geoId=101165590&keywords=data%20science&location=United%20Kingdom&start=75
desc269,Data Scientist,Entry level,,https://www.linkedin.com/jobs/search/?currentJobId=1997132671&f_E=2&geoId=101165590&keywords=data%20science&location=United%20Kingdom&start=75
desc270,Data Scientist,Entry level,,https://www.linkedin.com/jobs/search/?currentJobId=1996451725&f_E=2&geoId=101165590&keywords=data%20science&location=United%20Kingdom&start=75
desc271,Data Scientist,Entry level,,https://www.linkedin.com/jobs/search/?currentJobId=1956720513&f_E=2&geoId=101165590&keywords=data%20science&location=United%20Kingdom&start=75
desc272,Data Scientist,Entry level,,https://www.linkedin.com/jobs/search/?currentJobId=1986160160&f_E=2&geoId=101165590&keywords=data%20science&location=United%20Kingdom&start=75
desc273,Data Scientist,Entry level,1,https://www.linkedin.com/jobs/search/?currentJobId=1888704447&f_E=2&geoId=101165590&keywords=data%20science&location=United%20Kingdom&start=75
desc274,Data Scientist,Entry level,,https://www.linkedin.com/jobs/search/?currentJobId=1995816592&f_E=2&geoId=101165590&keywords=data%20science&location=United%20Kingdom&start=75
desc275,Data Scientist,Entry level,,https://www.linkedin.com/jobs/search/?currentJobId=1962712900&f_E=2&geoId=101165590&keywords=data%20science&location=United%20Kingdom&start=75
desc276,Data Scientist,Entry level,1,https://www.linkedin.com/jobs/search/?currentJobId=1984128069&f_E=2&geoId=101165590&keywords=data%20science&location=United%20Kingdom&start=100
desc277,Data Scientist,Entry level,,https://www.linkedin.com/jobs/search/?currentJobId=1970546902&f_E=2&geoId=101165590&keywords=data%20science&location=United%20Kingdom&start=100
desc278,Data Scientist,Entry level,,https://www.linkedin.com/jobs/search/?currentJobId=1995457454&f_E=2&geoId=101165590&keywords=data%20science&location=United%20Kingdom&start=100
desc279,Data Scientist,Entry level,,https://www.linkedin.com/jobs/search/?currentJobId=1847079493&f_E=2&geoId=101165590&keywords=data%20science&location=United%20Kingdom&start=100
desc280,Data Scientist,Entry level,,https://www.linkedin.com/jobs/search/?currentJobId=1986169203&f_E=2&geoId=101165590&keywords=data%20science&location=United%20Kingdom&start=100
desc281,Data Scientist,Entry level,,https://www.linkedin.com/jobs/search/?currentJobId=1996093560&f_E=2&geoId=101165590&keywords=data%20science&location=United%20Kingdom&start=100
desc282,Data Scientist,Entry level,,https://www.linkedin.com/jobs/search/?currentJobId=1896019918&f_E=2&geoId=101165590&keywords=data%20science&location=United%20Kingdom&start=100
desc283,Data Scientist,Entry level,,https://www.linkedin.com/jobs/search/?currentJobId=1963601411&f_E=2&geoId=101165590&keywords=data%20science&location=United%20Kingdom&start=100
desc284,Data Scientist,Entry level,,https://www.linkedin.com/jobs/search/?currentJobId=1986239905&f_E=2&geoId=101165590&keywords=data%20science&location=United%20Kingdom&start=100
desc285,Data Scientist,Entry level,,https://www.linkedin.com/jobs/search/?currentJobId=1986125310&f_E=2&geoId=101165590&keywords=data%20science&location=United%20Kingdom&start=100
desc286,Data Scientist,Entry level,,https://www.linkedin.com/jobs/search/?currentJobId=1933143688&f_E=2&geoId=101165590&keywords=data%20science&location=United%20Kingdom&start=100
desc287,Data Scientist,Entry level,,https://www.linkedin.com/jobs/search/?currentJobId=1994993524&f_E=2&geoId=101165590&keywords=data%20science&location=United%20Kingdom&start=100
desc288,Data Scientist,Entry level,,https://www.linkedin.com/jobs/search/?currentJobId=1993357818&f_E=2&geoId=101165590&keywords=data%20science&location=United%20Kingdom&start=100
desc289,Data Scientist,Entry level,,https://www.linkedin.com/jobs/search/?currentJobId=1986151468&f_E=2&geoId=101165590&keywords=data%20science&location=United%20Kingdom&start=100
desc290,Data Scientist,Entry level,,https://www.linkedin.com/jobs/search/?currentJobId=1979210840&f_E=2&geoId=101165590&keywords=data%20science&location=United%20Kingdom&start=100
desc291,Data Scientist,Entry level,,https://www.linkedin.com/jobs/search/?currentJobId=1978308458&f_E=2&geoId=101165590&keywords=data%20science&location=United%20Kingdom&start=100
desc292,Data Scientist,Entry level,,https://www.linkedin.com/jobs/search/?currentJobId=1990601001&f_E=2&geoId=101165590&keywords=data%20science&location=United%20Kingdom&start=125
desc293,Data Scientist,Entry level,,https://www.linkedin.com/jobs/search/?currentJobId=1995584182&f_E=2&geoId=101165590&keywords=data%20science&location=United%20Kingdom&start=125
desc294,Data Scientist,Entry level,,https://www.linkedin.com/jobs/search/?currentJobId=1979797692&f_E=2&geoId=101165590&keywords=data%20science&location=United%20Kingdom&start=125
desc295,Data Scientist,Entry level,,https://www.linkedin.com/jobs/search/?currentJobId=1981493023&f_E=2&geoId=101165590&keywords=data%20science&location=United%20Kingdom&start=125
desc296,Data Scientist,Entry level,,https://www.linkedin.com/jobs/search/?currentJobId=1994586007&f_E=2&geoId=101165590&keywords=data%20science&location=United%20Kingdom&start=125
desc297,Data Scientist,Entry level,,https://www.linkedin.com/jobs/search/?currentJobId=1987265699&f_E=2&geoId=101165590&keywords=data%20science&location=United%20Kingdom&start=125
desc298,Machine Learning Engineer,Entry level,,https://www.linkedin.com/jobs/search/?currentJobId=1982222423&f_E=2&geoId=101165590&keywords=data%20science&location=United%20Kingdom&start=125
desc299,Data Scientist,Entry level,,https://www.linkedin.com/jobs/search/?currentJobId=1953505914&f_E=2&geoId=101165590&keywords=data%20science&location=United%20Kingdom&start=125
desc300,Data Scientist,Entry level,,https://www.linkedin.com/jobs/search/?currentJobId=1990380298&f_E=2&geoId=101165590&keywords=data%20science&location=United%20Kingdom&start=125
desc301,Data Scientist,Entry level,,https://www.linkedin.com/jobs/search/?currentJobId=1978582534&f_E=2&geoId=101165590&keywords=data%20science&location=United%20Kingdom&start=125
desc302,Data Scientist,Entry level,,https://www.linkedin.com/jobs/search/?currentJobId=1759021864&f_E=2&geoId=101165590&keywords=data%20science&location=United%20Kingdom&start=125
desc303,Data Scientist,Entry level,,https://www.linkedin.com/jobs/search/?currentJobId=1653950382&f_E=2&geoId=101165590&keywords=data%20science&location=United%20Kingdom&start=125
desc304,Data Scientist,Entry level,,https://www.linkedin.com/jobs/search/?currentJobId=1992806089&f_E=2&geoId=101165590&keywords=data%20science&location=United%20Kingdom&start=125
desc305,Data Scientist,Entry level,,https://www.linkedin.com/jobs/search/?currentJobId=1909457394&f_E=2&geoId=101165590&keywords=data%20science&location=United%20Kingdom&start=150
desc306,Data Scientist,Entry level,,https://www.linkedin.com/jobs/search/?currentJobId=1904722668&f_E=2&geoId=101165590&keywords=data%20science&location=United%20Kingdom&start=150
desc307,Data Scientist,Entry level,,https://www.linkedin.com/jobs/search/?currentJobId=1994853038&f_E=2&geoId=101165590&keywords=data%20science&location=United%20Kingdom&start=150
desc308,Data Scientist,Entry level,,https://www.linkedin.com/jobs/search/?currentJobId=1969983217&f_E=2&geoId=101165590&keywords=data%20science&location=United%20Kingdom&start=150
desc309,Data Scientist,Entry level,,https://www.linkedin.com/jobs/search/?currentJobId=1917840811&f_E=2&geoId=101165590&keywords=data%20science&location=United%20Kingdom&start=150
desc310,Data Scientist,Entry level,,https://www.linkedin.com/jobs/search/?currentJobId=1964193514&f_E=2&geoId=101165590&keywords=data%20science&location=United%20Kingdom&start=150
desc311,Data Scientist,Entry level,,https://www.linkedin.com/jobs/search/?currentJobId=1968329184&f_E=2&geoId=101165590&keywords=data%20science&location=United%20Kingdom&start=150
desc312,Data Scientist,Entry level,,https://www.linkedin.com/jobs/search/?currentJobId=1945179799&f_E=2&geoId=101165590&keywords=data%20science&location=United%20Kingdom&start=150
desc313,Data Scientist,Entry level,,https://www.linkedin.com/jobs/search/?currentJobId=1997682130&f_E=2&geoId=101165590&keywords=data%20science&location=United%20Kingdom&start=175
desc314,Data Scientist,Entry level,,https://www.linkedin.com/jobs/search/?currentJobId=1995236749&f_E=2&geoId=101165590&keywords=data%20science&location=United%20Kingdom&start=175
desc315,Machine Learning Engineer,Entry level,1,https://www.linkedin.com/jobs/search/?currentJobId=1986199319&f_E=2&geoId=101165590&keywords=data%20science&location=United%20Kingdom&start=200
desc316,Machine Learning Engineer,Entry level,1,https://www.linkedin.com/jobs/search/?currentJobId=1995738299&f_E=2&geoId=101165590&keywords=data%20science&location=United%20Kingdom&start=200
desc317,Data Scientist,Entry level,,https://www.linkedin.com/jobs/search/?currentJobId=1975542988&f_E=2&geoId=101165590&keywords=data%20science&location=United%20Kingdom&start=200
desc318,Data Scientist,Entry level,,https://www.linkedin.com/jobs/search/?currentJobId=1984488026&f_E=2&geoId=101165590&keywords=data%20science&location=United%20Kingdom&start=200
desc319,Machine Learning Engineer,Entry level,,https://www.linkedin.com/jobs/search/?currentJobId=1946336148&f_E=2&geoId=101165590&keywords=data%20science&location=United%20Kingdom&start=200
desc320,Machine Learning Engineer,Entry level,1,https://www.linkedin.com/jobs/search/?currentJobId=1982226186&f_E=2&geoId=101165590&keywords=data%20science&location=United%20Kingdom&start=225
desc321,Data Scientist,Entry level,,https://www.linkedin.com/jobs/search/?currentJobId=1988312956&f_E=2&geoId=101165590&keywords=data%20science&location=United%20Kingdom&start=225
desc322,Data Scientist,Entry level,,https://www.linkedin.com/jobs/search/?currentJobId=1979729013&f_E=2&geoId=101165590&keywords=data%20science&location=United%20Kingdom&start=250
desc323,Data Scientist,Entry level,,https://www.linkedin.com/jobs/search/?currentJobId=1965428031&f_E=2&geoId=101165590&keywords=data%20science&location=United%20Kingdom&start=250
desc324,Machine Learning Engineer,Entry level,,https://www.linkedin.com/jobs/search/?currentJobId=1989452106&f_E=2&geoId=101165590&keywords=data%20science&location=United%20Kingdom&start=250
desc325,Data Scientist,Entry level,,https://www.linkedin.com/jobs/search/?currentJobId=1990508410&f_E=2&geoId=101165590&keywords=data%20science&location=United%20Kingdom&start=275
desc326,Data Scientist,Entry level,,https://www.linkedin.com/jobs/search/?currentJobId=1980683381&f_E=2&geoId=101165590&keywords=data%20science&location=United%20Kingdom&start=275
desc327,Machine Learning Engineer,Entry level,,https://www.linkedin.com/jobs/search/?currentJobId=1981800171&f_E=2&geoId=101165590&keywords=data%20science&location=United%20Kingdom&start=300
desc328,Data Scientist,Entry level,,https://www.linkedin.com/jobs/search/?currentJobId=1996742269&f_E=2&geoId=101165590&keywords=data%20science&location=United%20Kingdom&start=375